set_time,set_calls_count,aggregate_set_time,get_time,get_calls_count,aggregate_get_time,show_all_time,show_all_calls_count,aggregate_show_all_time
284.66112518310547,29772,0.00956137058924847,60.82795763015747,50174,0.0012123402086769537,0.02533698081970215,6,0.0042228301366170245
